average_value,region
4.1653437607786285E10,North America
3.8824062756886277E9,East Asia & Pacific
2.696534813883696E9,South Asia
2.3741490290455008E9,Europe & Central Asia
9.734776653314483E8,Middle East & North Africa
9.659990685475513E8,Latin America & Caribbean
2.116920287065361E8,Sub-Saharan Africa
